Ref,Val,Package,PosX,PosY,Rot,Side
C_ADC,100nF,C_0402_1005Metric,69.250000,-45.500000,0.000000,top
C_AMP,100nF,C_0402_1005Metric,53.500000,-47.000000,0.000000,top
C_AMP_BULK,10uF,C_0603_1608Metric,58.500000,-49.000000,0.000000,top
C_BUCK_IN,22uF,C_0805_2012Metric,40.500000,-9.000000,90.000000,top
C_BUCK_OUT1,22uF,C_0805_2012Metric,35.750000,-5.750000,0.000000,top
C_BUCK_OUT2,22uF,C_0805_2012Metric,39.000000,-5.000000,90.000000,top
C_CAM_AVDD,100nF,C_0402_1005Metric,41.250000,-47.800000,0.000000,top
C_CAM_DVDD,100nF,C_0402_1005Metric,43.500000,-47.800000,0.000000,top
C_CAM_RST,100nF,C_0402_1005Metric,39.000000,-47.800000,0.000000,top
C_EN,1uF,C_0402_1005Metric,11.250000,-2.500000,0.000000,top
C_FF,22pF,C_0402_1005Metric,42.500000,-9.000000,90.000000,top
C_IMU,100nF,C_0402_1005Metric,49.500000,-30.000000,90.000000,top
C_IMU_CP,2.2nF,C_0402_1005Metric,49.500000,-26.500000,0.000000,top
C_IMU_REG,100nF,C_0402_1005Metric,46.250000,-35.000000,-90.000000,top
C_IMU_VLOGIC,10nF,C_0402_1005Metric,49.500000,-34.000000,0.000000,top
C_LCD,100nF,C_0402_1005Metric,45.250000,-5.000000,0.000000,top
C_LDO15_IN,1uF,C_0402_1005Metric,52.500000,-58.500000,0.000000,top
C_LDO15_OUT,1uF,C_0402_1005Metric,55.000000,-56.000000,90.000000,top
C_LDO28_IN,1uF,C_0402_1005Metric,26.500000,-55.500000,0.000000,top
C_LDO28_OUT,1uF,C_0402_1005Metric,29.000000,-53.000000,90.000000,top
C_LED,100nF,C_0402_1005Metric,18.500000,-18.000000,0.000000,top
C_MIC,100nF,C_0402_1005Metric,13.500000,-47.000000,0.000000,top
C_NTC,100nF,C_0402_1005Metric,68.250000,-50.500000,0.000000,top
C_PWM,100nF,C_0402_1005Metric,57.000000,-24.500000,90.000000,top
C_TOUCH,100nF,C_0402_1005Metric,24.500000,-49.500000,0.000000,top
C_TOUCH_VREG,100nF,C_0402_1005Metric,24.500000,-47.000000,0.000000,top
C_U1,100nF,C_0402_1005Metric,23.000000,-25.000000,0.000000,top
C_U1_BULK,10uF,C_0603_1608Metric,23.000000,-22.000000,0.000000,top
C_VMOT_BULK,1000uF 10V,CAP-SMD_BD10.0-L10.3-W10.3-LS11.3-FD,70.500000,-14.800000,0.000000,top
C_VMOT_HF,100nF,C_0402_1005Metric,69.750000,-8.750000,0.000000,top
D_LED,WS2812B-2020,LED_WS2812B-2020_PLCC4_2.0x2.0mm,18.000000,-16.000000,0.000000,top
D_USB_DN,LESD8D3.3CAT5G,D_SOD-882,21.500000,-4.500000,0.000000,top
D_USB_DP,LESD8D3.3CAT5G,D_SOD-882,21.750000,-6.500000,90.000000,top
D_VMOT_TVS,SMBJ5.0A,D_SMB,72.000000,-22.750000,0.000000,top
F_USB,BSMD1206-150-6V,Fuse_1206_3216Metric,29.750000,-11.500000,0.000000,top
J_CAM,AFC01-S24FCA-00,FPC-SMD_24P-P0.50_AFC01-S24FCA-00,40.000000,-54.000000,180.000000,top
J_USB,TYPE-C-31-M-12,USB_C_Receptacle_HRO_TYPE-C-31-M-12,28.000000,-4.700000,180.000000,top
L_BUCK,2.2uH,IND-SMD_L4.0-W4.0_YHNR4020,37.750000,-13.000000,90.000000,top
Q_HEAT,AO3400A,SOT-23,76.000000,-44.000000,0.000000,top
Q_REV,AO3401A,SOT-23,82.000000,-21.750000,0.000000,top
R_AMP_SD,1M,R_0402_1005Metric,54.750000,-53.000000,0.000000,top
R_BOOT,10k,R_0402_1005Metric,13.000000,-16.500000,0.000000,top
R_BUCK_EN,100k,R_0402_1005Metric,41.250000,-11.500000,0.000000,top
R_CAM_PWDN,10k,R_0402_1005Metric,34.500000,-47.800000,0.000000,top
R_CAM_RST,10k,R_0402_1005Metric,36.750000,-47.800000,0.000000,top
R_CC1,5.1k,R_0402_1005Metric,34.250000,-2.750000,90.000000,top
R_CC2,5.1k,R_0402_1005Metric,21.250000,-3.000000,0.000000,top
R_EN,10k,R_0402_1005Metric,13.000000,-9.500000,0.000000,top
R_FB1,100k,R_0402_1005Metric,36.250000,-4.000000,0.000000,top
R_FB2,22k,R_0402_1005Metric,40.750000,-5.750000,90.000000,top
R_GATE,100,R_0402_1005Metric,75.250000,-41.500000,0.000000,top
R_GATE_PD,100k,R_0402_1005Metric,73.000000,-44.750000,90.000000,top
R_LCD_CLK,33,R_0402_1005Metric,47.500000,-5.000000,0.000000,top
R_LCD_MOSI,33,R_0402_1005Metric,44.500000,-3.250000,90.000000,top
R_MIC_SD,100k,R_0402_1005Metric,14.750000,-53.000000,0.000000,top
R_NTC,10k,R_0402_1005Metric,70.500000,-50.500000,0.000000,top
R_OE,10k,R_0402_1005Metric,57.250000,-27.000000,90.000000,top
R_REV,10k,R_0402_1005Metric,85.250000,-20.500000,0.000000,top
R_SCL,4.7k,R_0402_1005Metric,23.000000,-34.000000,0.000000,top
R_SDA,4.7k,R_0402_1005Metric,23.000000,-32.000000,0.000000,top
R_STAR,0,R_0402_1005Metric,66.000000,-32.000000,90.000000,top
R_TOUCH_REXT,75k,R_0402_1005Metric,34.500000,-44.000000,0.000000,top
SW_BOOT,TS-1187A-B-A-B,SW-SMD_4P-L5.1-W5.1-P3.70-LS6.5-TL_H1.5,12.000000,-13.000000,0.000000,top
SW_RST,TS-1187A-B-A-B,SW-SMD_4P-L5.1-W5.1-P3.70-LS6.5-TL_H1.5,12.000000,-6.000000,0.000000,top
U1,ESP32-S3-WROOM-1-N16R8,ESP32-S3-WROOM-1,6.750000,-30.000000,90.000000,top
U_ADC,ADS1115IDGSR,TSSOP-10_3x3mm_P0.5mm,70.000000,-48.000000,0.000000,top
U_AMP,MAX98357AETE+T,TQFN-16-1EP_3x3mm_P0.5mm_EP1.23x1.23mm,54.000000,-50.000000,0.000000,top
U_BUCK,SY8089AAAC,SOT-23-5,37.000000,-9.000000,0.000000,top
U_IMU,MPU-6050,InvenSense_QFN-24_4x4mm_P0.5mm,46.000000,-30.000000,0.000000,top
U_LDO15,ME6211C15M5G-N,SOT-23-5,52.000000,-56.000000,0.000000,top
U_LDO28,ME6211C28M5G-N,SOT-23-5,26.000000,-53.000000,0.000000,top
U_MIC,INMP441,InvenSense_INMP441_LGA-9_4.72x3.76mm,14.000000,-50.000000,0.000000,top
U_PWM,PCA9685PW,TSSOP-28_4.4x9.7mm_P0.65mm,62.000000,-25.600000,0.000000,top
U_TOUCH,MPR121QR2,UQFN-20_3x3mm_P0.4mm,30.000000,-46.000000,0.000000,top
