Designator,Mid X,Mid Y,Layer,Rotation
C_AMP,34.050000,-22.250000,Bottom,0
C_AMP_BULK,34.050000,-20.850000,Bottom,0
C_BAT_NTC,25.250000,-39.000000,Bottom,0
C_BUCK_HF,38.650000,-14.300000,Bottom,0
C_BUCK_IN,37.350000,-16.500000,Bottom,270
C_BUCK_OUT1,47.250000,-15.850000,Bottom,270
C_BUCK_OUT2,45.750000,-19.050000,Bottom,180
C_CC_SENSE,38.500000,-41.250000,Bottom,270
C_CHG_BAT,24.360000,-15.550000,Bottom,90
C_CHG_VIN,28.700000,-23.900000,Bottom,270
C_EFUSE_DVDT,35.850000,-32.350000,Bottom,270
C_EFUSE_IN,37.500000,-31.900000,Bottom,0
C_EN,22.250000,-16.000000,Bottom,0
C_FF,41.250000,-19.750000,Bottom,180
C_IMU,19.250000,-17.800000,Bottom,0
C_LCD,10.250000,-9.250000,Bottom,270
C_MIC,24.500000,-8.750000,Bottom,0
C_NTC,12.750000,-43.500000,Bottom,0
C_SERVO1,43.500000,-10.000000,Bottom,0
C_SERVO2,44.500000,-21.250000,Bottom,0
C_SERVO3,40.750000,-21.500000,Bottom,0
C_TOUCH_FILT,4.250000,-8.750000,Bottom,0
C_VBAT_SENSE,19.500000,-36.000000,Bottom,270
C_VSYS1,28.700000,-18.100000,Bottom,270
C_VSYS2,31.500000,-18.100000,Bottom,270
C_VUSB,40.450000,-29.250000,Bottom,270
D_ESD_MUTE,33.750000,-9.000000,Bottom,270
D_ESD_PWR,32.000000,-9.000000,Bottom,0
D_ESD_TOUCH,6.500000,-9.000000,Bottom,0
D_USB_DN,36.250000,-42.750000,Bottom,0
D_USB_DP,35.500000,-41.250000,Bottom,0
F_USB,33.000000,-30.000000,Bottom,0
L_BUCK,43.950000,-15.850000,Bottom,0
L_CHG,30.000000,-13.000000,Bottom,0
Q_BATN,27.000000,-35.000000,Bottom,270
Q_BATP,23.000000,-35.000000,Bottom,0
Q_HEAT,44.000000,-27.500000,Bottom,0
Q_LCD_BL,15.000000,-10.250000,Bottom,270
RT_BAT,25.500000,-40.500000,Bottom,0
R_AMP_SD,37.000000,-25.000000,Bottom,270
R_BATN_G,29.500000,-35.000000,Bottom,270
R_BATN_PD,28.000000,-37.750000,Bottom,0
R_BATP_BYP,22.250000,-32.500000,Bottom,0
R_BATP_PU,23.500000,-37.500000,Bottom,0
R_BAT_NTC,25.750000,-42.000000,Bottom,0
R_BOOT,27.000000,-9.000000,Bottom,0
R_CC1,34.000000,-41.250000,Bottom,270
R_CC2,37.000000,-40.750000,Bottom,270
R_CC_SUM1,34.250000,-43.000000,Bottom,0
R_CC_SUM2,34.750000,-39.500000,Bottom,0
R_EFUSE_ILM,39.550000,-31.950000,Bottom,0
R_EN,24.500000,-10.000000,Bottom,0
R_FB1,39.150000,-19.750000,Bottom,0
R_FB2,37.550000,-19.150000,Bottom,270
R_GATE,44.500000,-30.000000,Bottom,0
R_GATE_PD,43.250000,-25.000000,Bottom,0
R_KEY_MUTE_PU,30.000000,-8.750000,Bottom,0
R_LCD_BL_GATE,12.500000,-11.000000,Bottom,270
R_LCD_BL_OFF,18.000000,-10.250000,Bottom,0
R_LCD_CLK,18.250000,-8.750000,Bottom,0
R_LCD_MOSI,12.000000,-9.000000,Bottom,0
R_NTC,12.000000,-42.250000,Bottom,0
R_SCL,22.000000,-12.000000,Bottom,0
R_SDA,18.000000,-12.000000,Bottom,0
R_SERVO_R_PD,47.000000,-21.250000,Bottom,270
R_VBAT_BOT,17.500000,-36.000000,Bottom,0
R_VBAT_TOP,17.500000,-34.000000,Bottom,0
U_AMP,34.000000,-25.000000,Bottom,0
U_BUCK,40.000000,-17.000000,Bottom,270
U_CHG,25.000000,-21.000000,Bottom,180
U_EFUSE,38.000000,-30.000000,Bottom,0
U_IMU,20.000000,-16.000000,Bottom,0
C_U1,3.200000,-32.400000,Top,0
C_U1_BULK,3.400000,-33.800000,Top,0
J_ARM_L,43.405000,-10.100000,Top,90
J_ARM_R,43.405000,-18.400000,Top,90
J_BAT,25.500000,-40.550000,Top,0
J_HEAT,44.050000,-27.450000,Top,90
J_KEY,31.460000,-3.450000,Top,180
J_LCD,13.940000,-3.775000,Top,180
J_MIC,24.300000,-3.635000,Top,180
J_NTC,12.000000,-42.225000,Top,0
J_SPK,18.000000,-42.225000,Top,0
J_TOUCH,4.900000,-3.775000,Top,180
J_USB,35.600000,-41.355000,Top,0
SW_BOOT,29.200000,-16.000000,Top,0
SW_RST,23.300000,-16.000000,Top,0
U1,6.750000,-22.000000,Top,90
